slug,title,content,image,date,description
"stock-market-outlook-2025","Navigating the 2025 Stock Market: Opportunities and Challenges","As we move further into 2025, the stock market presents a mix of opportunities and challenges. Inflation concerns persist, but technological advancements and shifts in consumer behavior are creating new avenues for growth. Investors should focus on sectors demonstrating resilience and innovation, such as renewable energy and AI-driven industries. Geopolitical tensions remain a wildcard, necessitating a diversified and adaptive investment strategy.","https://www.n-tv.de/img/25384581-1732518720000/17-6/320/f80b856767a0306dc905034e94382623.jpg","2025-07-09","Stock Market, 2025, Investing, Outlook, Inflation, Technology"
"tech-stocks-future","The Future of Tech Stocks: Beyond the Hype","Tech stocks have seen significant volatility, but their underlying innovation continues to drive long-term potential. This article explores emerging technologies like quantum computing and advanced biotech, identifying companies poised for substantial growth. We also discuss the importance of scrutinizing valuations and understanding regulatory landscapes to make informed investment decisions in this dynamic sector.","https://images.unsplash.com/photo-1518770660439-4636190af036?q=80&w=2070&auto=format&fit=crop&ixlib=rb-4.0.3&ixid=M3wxMjA3fDB8MHxwaG90by1wYWdlfHx8fGVufDB8fHx8fA%3D%3D","2025-07-09","Tech Stocks, Future Tech, AI, Biotech, Quantum Computing, Innovation"
"dividend-investing-strategies","Maximizing Returns: Effective Dividend Investing Strategies for 2025","Dividend investing remains a cornerstone for many seeking stable income and long-term wealth accumulation. This piece outlines strategies for identifying high-quality dividend-paying stocks in the current economic climate. We cover metrics like dividend yield, payout ratio, and consistency, and discuss how to build a resilient dividend portfolio that can withstand market fluctuations.","https://images.unsplash.com/photo-1628348719875-9c5950d87652?q=80&w=2070&auto=format&fit=crop&ixlib=rb-4.0.3&ixid=M3wxMjA3fDB8MHxwaG90by1wYWdlfHx8fGVufDB8fHx8fA%3D%3D","2025-07-09","Dividend Investing, Income Stocks, Portfolio Strategies, Wealth Accumulation"
"small-cap-growth-potential","Unlocking Potential: The Allure of Small-Cap Stocks in 2025","Small-cap stocks often offer outsized growth potential, and 2025 might be their year. This article delves into the characteristics that make small-caps attractive, such as agility and niche market focus. We provide guidance on researching these less-followed companies, mitigating risks, and uncovering hidden gems that could deliver significant returns.","https://images.unsplash.com/photo-1621640974786-8869c0d350d7?q=80&w=2070&auto=format&fit=crop&ixlib=rb-4.0.3&ixid=M3wxMjA3fDB8MHxwaG90by1wYWdlfHx8fGVnfDB8fHx8fA%3D%3D","2025-07-09","Small-Cap Stocks, Growth Investing, Risk Management, Market Analysis"
"impact-of-ai-on-stocks","AI's Influence: How Artificial Intelligence is Reshaping Stock Valuations","Artificial intelligence is not just a technology; it's a force reshaping industries and, consequently, stock valuations. This article examines how AI integration is impacting profitability and competitive advantages across various sectors. We identify companies at the forefront of AI adoption and innovation, providing insights for investors looking to capitalize on this transformative trend.","https://images.unsplash.com/photo-1507146153580-692160356fd1?q=80&w=2070&auto=format&fit=crop&ixlib=rb-4.0.3&ixid=M3wxMjA3fDB8MHxwaG90by1wYWdlfHx8fGVufDB8fHx8fA%3D%3D","2025-07-09","AI, Artificial Intelligence, Stock Valuations, Tech Trends, Investment Opportunities"
"green-energy-investing","Investing in a Sustainable Future: Green Energy Stocks in Focus","The transition to sustainable energy continues to gain momentum, making green energy stocks a compelling investment. This article highlights the key drivers of growth in this sector, including government incentives and technological breakthroughs. We profile promising companies in solar, wind, and battery storage, offering a guide for environmentally conscious investors.","https://images.unsplash.com/photo-1622378913952-442dd30cebfd?q=80&w=2070&auto=format&fit=crop&ixlib=rb-4.0.3&ixid=M3wxMjA3fDB8MHxwaG90by1wYWdlfHx8fGVufDB8fHx8fA%3D%3D","2025-07-09","Green Energy, Sustainable Investing, Renewable Energy, Solar, Wind, ESG"
"inflation-proof-portfolios","Building Resilience: Strategies for Inflation-Proof Stock Portfolios","With inflation remaining a significant concern, constructing a portfolio that can withstand rising prices is crucial. This article provides actionable strategies, including investing in real assets, value stocks, and companies with strong pricing power. We also discuss hedging techniques and the importance of diversification to protect your investments from inflationary pressures.","https://images.unsplash.com/photo-1628348719875-9c5950d87652?q=80&w=2070&auto=format&fit=crop&ixlib=rb-4.0.3&ixid=M3wxMjA3fDB8MHxwaG90by1wYWdlfHx8fGVufDB8fHx8fA%3D%3D","2025-07-09","Inflation, Portfolio Strategy, Value Stocks, Real Assets, Diversification"
"understanding-market-cycles","Decoding Market Cycles: A Guide for Savvy Stock Investors","Understanding market cycles is fundamental for any successful stock investor. This article breaks down the different phases of a market cycle – accumulation, uptrend, distribution, and downtrend – and explains how to identify them. We offer practical advice on adjusting your investment strategy to capitalize on each phase and minimize risks.","https://images.unsplash.com/photo-1590283693895-31f03b140ae4?q=80&w=2070&auto=format&fit=crop&ixlib=rb-4.0.3&ixid=M3wxMjA3fDB8MHxwaG90by1wYWdlfHx8fGVufDB8fHx8fA%3D%3D","2025-07-09","Market Cycles, Stock Investing, Technical Analysis, Investment Strategy""mvst","MVST","pdf","sdf","2025-07-09","sdf"
"mvst","MVST","MVST","MVST","2025-07-09","MVST"
